time,lx,ly,lz,lvx,lvy,lvz,l_yaw,l_yawrate,sx,sy,sz,svx,svy,svz,s_yaw,s_yawrate,xd,yd,zd,ex,ey,ez,e_yaw,ff_x,ff_y,ff_z,vx_p,vy_p,vz_p,vx_i,vy_i,vz_i,vx_d,vy_d,vz_d,vx_cmd,vy_cmd,vz_cmd,yaw_rate_cmd
0.0500,-4.030951,-0.594223,6.958325,0.016568,0.018291,-0.000428,-1.586028,0.000274,-5.018709659576416,-0.5643790364265442,7.956705093383789,-0.01289043202996254,-0.021571557968854904,0.0013919835910201073,-1.5858920812606812,-7.7385688200593e-05,-5.030835000308411,-0.5789919157559162,7.958325,-0.012125340731994783,-0.014612879329372053,0.001619906616211253,-0.00013591873931884105,-4.173317082878921e-06,-0.0002739682160845045,0.0,-0.012125340731994783,-0.014612879329372053,0.001619906616211253,-0.0,-0.0,0.0,0.0,0.0,-0.0,-0.012129514049077661,-0.014886847545456557,0.001619906616211253,-0.0002718374786376821
0.1000,-4.030951,-0.594223,6.958325,0.016568,0.018291,-0.000428,-1.586028,0.000274,-5.018430233001709,-0.566479504108429,7.956618785858154,-0.013350770808756351,-0.019935330376029015,0.0015198604669421911,-1.5858920812606812,-7.7385688200593e-05,-5.030835000308411,-0.5789919157559162,7.958325,-0.012404767306701814,-0.012512411647487287,0.0017062141418460186,-0.00013591873931884105,-4.173317082878921e-06,-0.0002739682160845045,0.0,-0.012404767306701814,-0.012512411647487287,0.0017062141418460186,-0.0,-0.0,0.0,0.0,0.0,-0.0,-0.012408940623784693,-0.012786379863571791,0.0017062141418460186,-0.0002718374786376821
