time,lx,ly,lz,lvx,lvy,lvz,l_yaw,l_yawrate,sx,sy,sz,svx,svy,svz,s_yaw,s_yawrate,xd,yd,zd,ex,ey,ez,e_yaw,ff_x,ff_y,ff_z,vx_p,vy_p,vz_p,vx_i,vy_i,vz_i,vx_d,vy_d,vz_d,vx_cmd,vy_cmd,vz_cmd,yaw_rate_cmd
0.0500,-4.958839,0.125114,4.004453,-0.017235,-0.017521,0.000302,-1.58172,-0.000552,-5.968112945556641,0.1296623796224594,5.004100799560547,0.011338441632688046,0.0057043773122131824,0.0003163581422995776,-1.5817595720291138,9.511553798802197e-05,-5.958779337275137,0.13603745595886937,5.004453,0.009333608281503203,0.006375076336409963,0.0003522004394529432,3.957202911375468e-05,6.029747689295886e-06,0.0005519670661758755,0.0,0.009333608281503203,0.006375076336409963,0.0003522004394529432,0.0,0.0,0.0,-0.0,-0.0,-0.0,0.009339638029192498,0.006927043402585839,0.0003522004394529432,7.914405822750936e-05
0.1000,-4.958839,0.125114,4.004453,-0.017235,-0.017521,0.000302,-1.58172,-0.000552,-5.967491149902344,0.1296095848083496,5.0041022300720215,0.011143582873046398,0.0056116050109267235,0.00014061556430533528,-1.5817320346832275,0.00031028329976834357,-5.958779337275137,0.13603745595886937,5.004453,0.008711812627206328,0.006427871150519765,0.00035076992797833384,1.2034683227524212e-05,6.029747689295886e-06,0.0005519670661758755,0.0,0.008711812627206328,0.006427871150519765,0.00035076992797833384,0.0,0.0,0.0,-0.0,-0.0,0.0,0.008717842374895623,0.006979838216695641,0.00035076992797833384,2.4069366455048424e-05
