time,lx,ly,lz,lvx,lvy,lvz,l_yaw,l_yawrate,sx,sy,sz,svx,svy,svz,s_yaw,s_yawrate,xd,yd,zd,ex,ey,ez,e_yaw,ff_x,ff_y,ff_z,vx_p,vy_p,vz_p,vx_i,vy_i,vz_i,vx_d,vy_d,vz_d,vx_cmd,vy_cmd,vz_cmd,yaw_rate_cmd
0.0500,-3.9836,0.086657,2.999849,-0.016055,-0.021028,0.000867,-1.581901,-0.000341,-4.997111797332764,0.07922055572271347,4.000025749206543,0.01528257504105568,0.019866904243826866,4.383051782497205e-05,-1.5820002555847168,0.0005417063366621733,-4.983538343750096,0.09776144497999668,3.999849,0.013573453582667483,0.018540889257283213,-0.00017674920654275894,9.92555847167953e-05,3.786615738178871e-06,0.00034097897521878287,0.0,0.013573453582667483,0.018540889257283213,-0.00017674920654275894,0.0,0.0,-0.0,-0.0,-0.0,0.0,0.013577240198405663,0.018881868232501996,-0.00017674920654275894,0.0001985111694335906
