time,lx,ly,lz,lvx,lvy,lvz,l_yaw,l_yawrate,sx,sy,sz,svx,svy,svz,s_yaw,s_yawrate,xd,yd,zd,ex,ey,ez,e_yaw,ff_x,ff_y,ff_z,vx_p,vy_p,vz_p,vx_i,vy_i,vz_i,vx_d,vy_d,vz_d,vx_cmd,vy_cmd,vz_cmd,yaw_rate_cmd
0.0500,-3.9836,0.086657,2.999849,-0.016055,-0.021028,0.000867,-1.581901,-0.000341,-4.999086856842041,0.09523887932300568,4.006299018859863,0.016181115061044693,0.010938823223114014,-0.008976721204817295,-1.5820209980010986,0.0005733813159167767,-4.983538343750096,0.09776144497999668,3.999849,0.015548513091944827,0.0025225656569910077,-0.0064500188598630714,0.00011999800109863124,3.786615738178871e-06,0.00034097897521878287,0.0,0.015548513091944827,0.0025225656569910077,-0.0064500188598630714,0.0,0.0,-0.0,-0.0,-0.0,0.0,0.015552299707683006,0.0028635446322097906,-0.0064500188598630714,0.00023999600219726247
