time,lx,ly,lz,lvx,lvy,lvz,l_yaw,l_yawrate,sx,sy,sz,svx,svy,svz,s_yaw,s_yawrate,xd,yd,zd,ex,ey,ez,e_yaw,ff_x,ff_y,ff_z,vx_p,vy_p,vz_p,vx_i,vy_i,vz_i,vx_d,vy_d,vz_d,vx_cmd,vy_cmd,vz_cmd,yaw_rate_cmd
0.0500,-4.030951,-0.594223,6.958325,0.016568,0.018291,-0.000428,-1.586028,0.000274,-5.018268585205078,-0.5548691153526306,7.957475185394287,-0.013799941167235374,-0.02066631242632866,0.0007884280639700592,-1.585914969444275,-0.0005525660235434771,-5.030835000308411,-0.5789919157559162,7.958325,-0.012566415103332673,-0.024122800403285627,0.0008498146057132061,-0.00011303055572509102,-4.173317082878921e-06,-0.0002739682160845045,0.0,-0.012566415103332673,-0.024122800403285627,0.0008498146057132061,-0.0,-0.0,0.0,0.0,0.0,-0.0,-0.012570588420415552,-0.02439676861937013,0.0008498146057132061,-0.00022606111145018204
0.1000,-4.030951,-0.594223,6.958325,0.016568,0.018291,-0.000428,-1.586028,0.000274,-5.018026828765869,-0.5546377301216125,7.9574503898620605,-0.01341443695127964,-0.020568722859025,0.0009050124790519476,-1.5859270095825195,-0.0005774167366325855,-5.030835000308411,-0.5789919157559162,7.958325,-0.012808171542541658,-0.024354185634303693,0.0008746101379397686,-0.00010099041748046211,-4.173317082878921e-06,-0.0002739682160845045,0.0,-0.012808171542541658,-0.024354185634303693,0.0008746101379397686,-0.0,-0.0,0.0,0.0,0.0,-0.0,-0.012812344859624536,-0.024628153850388197,0.0008746101379397686,-0.00020198083496092423
