time,lx,ly,lz,lvx,lvy,lvz,l_yaw,l_yawrate,sx,sy,sz,svx,svy,svz,s_yaw,s_yawrate,xd,yd,zd,ex,ey,ez,e_yaw,ff_x,ff_y,ff_z,vx_p,vy_p,vz_p,vx_i,vy_i,vz_i,vx_d,vy_d,vz_d,vx_cmd,vy_cmd,vz_cmd,yaw_rate_cmd
0.0500,-3.9836,0.086657,2.999849,-0.016055,-0.021028,0.000867,-1.581901,-0.000341,-4.968445301055908,0.11970307677984238,4.005782127380371,-0.01658884808421135,-0.023524945601820946,-0.004474968183785677,-1.5818301439285278,-0.0006063031032681465,-4.983538343750096,0.09776144497999668,3.999849,-0.015093042694187986,-0.021941631799845693,-0.005933127380370884,-7.085607147216955e-05,3.786615738178871e-06,0.00034097897521878287,0.0,-0.015093042694187986,-0.021941631799845693,-0.005933127380370884,-0.0,-0.0,-0.0,0.0,0.0,0.0,-0.015089256078449806,-0.02160065282462691,-0.005933127380370884,-0.0001417121429443391
