time,lx,ly,lz,lvx,lvy,lvz,l_yaw,l_yawrate,sx,sy,sz,svx,svy,svz,s_yaw,s_yawrate,xd,yd,zd,ex,ey,ez,e_yaw,ff_x,ff_y,ff_z,vx_p,vy_p,vz_p,vx_i,vy_i,vz_i,vx_d,vy_d,vz_d,vx_cmd,vy_cmd,vz_cmd,yaw_rate_cmd
0.0500,-3.9836,0.086657,2.999849,-0.016055,-0.021028,0.000867,-1.581901,-0.000341,-4.971505641937256,0.1058865487575531,3.999279737472534,-0.014237236231565475,-0.012429464608430862,0.0009312436450272799,-1.58176851272583,-0.0006981071783229709,-4.983538343750096,0.09776144497999668,3.999849,-0.01203270181284033,-0.008125103777556417,0.0005692625274660301,-0.00013248727416992345,3.786615738178871e-06,0.00034097897521878287,0.0,-0.01203270181284033,-0.008125103777556417,0.0005692625274660301,-0.0,-0.0,0.0,-0.0,-0.0,-0.0,-0.01202891519710215,-0.007784124802337634,0.0005692625274660301,-0.0002649745483398469
