time,lx,ly,lz,lvx,lvy,lvz,l_yaw,l_yawrate,sx,sy,sz,svx,svy,svz,s_yaw,s_yawrate,xd,yd,zd,ex,ey,ez,e_yaw,ff_x,ff_y,ff_z,vx_p,vy_p,vz_p,vx_i,vy_i,vz_i,vx_d,vy_d,vz_d,vx_cmd,vy_cmd,vz_cmd,yaw_rate_cmd
0.0500,-3.9836,0.086657,2.999849,-0.016055,-0.021028,0.000867,-1.581901,-0.000341,-4.975262641906738,0.08011455088853836,4.000106334686279,0.001250284956768155,0.01758158579468727,-0.0016724253073334694,-1.5818769931793213,0.0010386980138719082,-4.983538343750096,0.09776144497999668,3.999849,-0.008275701843357908,0.017646894091458323,-0.00025733468627908707,-2.4006820678712515e-05,3.786615738178871e-06,0.00034097897521878287,0.0,-0.008275701843357908,0.017646894091458323,-0.00025733468627908707,-0.0,0.0,-0.0,-0.0,-0.0,0.0,-0.008271915227619728,0.017987873066677106,-0.00025733468627908707,-4.801364135742503e-05
