time,lx,ly,lz,lvx,lvy,lvz,l_yaw,l_yawrate,sx,sy,sz,svx,svy,svz,s_yaw,s_yawrate,xd,yd,zd,ex,ey,ez,e_yaw,ff_x,ff_y,ff_z,vx_p,vy_p,vz_p,vx_i,vy_i,vz_i,vx_d,vy_d,vz_d,vx_cmd,vy_cmd,vz_cmd,yaw_rate_cmd
0.0500,-4.030951,-0.594223,6.958325,0.016568,0.018291,-0.000428,-1.586028,0.000274,-5.017064094543457,-0.5673549771308899,7.958395957946777,-0.01337029505521059,-0.013765263371169567,0.0007793896365910769,-1.5861531496047974,-0.0004036715254187584,-5.030835000308411,-0.5789919157559162,7.958325,-0.013770905764953767,-0.01163693862502635,-7.095794677702827e-05,0.00012514960479736992,-4.173317082878921e-06,-0.0002739682160845045,0.0,-0.013770905764953767,-0.01163693862502635,-7.095794677702827e-05,-0.0,-0.0,-0.0,0.0,0.0,-0.0,-0.013775079082036646,-0.011910906841110853,-7.095794677702827e-05,0.00025029920959473984
0.1000,-4.030951,-0.594223,6.958325,0.016568,0.018291,-0.000428,-1.586028,0.000274,-5.017064094543457,-0.5673549771308899,7.958395957946777,-0.01337029505521059,-0.013765263371169567,0.0007793896365910769,-1.5861531496047974,-0.0004036715254187584,-5.030835000308411,-0.5789919157559162,7.958325,-0.013770905764953767,-0.01163693862502635,-7.095794677702827e-05,0.00012514960479736992,-4.173317082878921e-06,-0.0002739682160845045,0.0,-0.013770905764953767,-0.01163693862502635,-7.095794677702827e-05,-0.0,-0.0,-0.0,0.0,0.0,-0.0,-0.013775079082036646,-0.011910906841110853,-7.095794677702827e-05,0.00025029920959473984
